Пользователь,Очки опыта,Ударный режим
BraboKZ,6545,5
dnk.zh,1077,5
Oksana_Ignatyeva,52,0
makpal_d,2023,5
rakhimov82,95714,106
Cct08,287,4
DamirTy,55829,78
MaDongSeok5,659,2
Meiramgul297688,2927,4
alua050595,20374,125
moldir009,471,0
BeksultanE459995,67,1
RinatIbray1,1857,4
InnaRzaeva,961,5
lTny887307,1730,2
SakanovTemirlan9,3224,5
H6u07,296,0
eraadidas,1266,2
IrWi6,1327,3
Askarrrik,532,3
Alisher_Taubakul,1050,3
myXL557931,972,3
DilnazSeri7301,1078,5
AlibekI6,1606,2
SerikShakh,1116,2
